City_ID,City,Country,Date,Lat,Lng,Max Temp,Humidity,Cloudiness,Wind Speed,Current Description
0,Busselton,AU,2022-03-27 20:48:11,-33.65,115.3333,58.08,69,0,13.96,clear sky
1,Lincoln,US,2022-03-27 20:49:35,40.8,-96.667,44.91,31,100,10.36,overcast clouds
2,Atuona,PF,2022-03-27 20:52:08,-9.8,-139.0333,79.23,76,45,14.72,scattered clouds
3,Mahebourg,MU,2022-03-27 20:48:33,-20.4081,57.7,79.09,83,40,1.14,scattered clouds
4,Uyar,RU,2022-03-27 20:52:09,55.81,94.3153,0.21,97,37,3.13,scattered clouds
5,San Jeronimo,PE,2022-03-27 20:51:05,-11.9472,-75.2829,60.55,64,81,4.99,broken clouds
6,Clyde River,CA,2022-03-27 20:52:10,70.4692,-68.5914,-1.97,78,100,8.05,overcast clouds
7,Hermanus,ZA,2022-03-27 20:52:10,-34.4187,19.2345,68.81,67,97,3.98,overcast clouds
8,Namatanai,PG,2022-03-27 20:49:12,-3.6667,152.4333,80.31,82,98,5.5,light rain
9,Banon,ES,2022-03-27 20:52:11,40.8382,-1.1909,47.46,71,0,6.91,clear sky
10,Kawalu,ID,2022-03-27 20:50:28,-7.3817,108.2082,72.14,98,100,2.8,overcast clouds
11,Rikitea,PF,2022-03-27 20:48:12,-23.1203,-134.9692,79.12,69,5,11.14,clear sky
12,Mar Del Plata,AR,2022-03-27 20:50:36,-38.0023,-57.5575,69.82,60,0,15.99,clear sky
13,Jamestown,US,2022-03-27 20:48:22,42.097,-79.2353,22.51,55,100,21.85,overcast clouds
14,Grants,US,2022-03-27 20:52:12,35.1473,-107.8514,75.43,6,0,3.44,clear sky
15,Punta Arenas,CL,2022-03-27 20:52:12,-53.15,-70.9167,51.91,54,0,26.46,clear sky
16,Georgetown,MY,2022-03-27 20:52:09,5.4112,100.3354,80.53,86,20,5.99,few clouds
17,Torbay,CA,2022-03-27 20:48:05,47.6666,-52.7314,42.28,92,100,17.27,overcast clouds
18,Ormara,PK,2022-03-27 20:52:13,25.2088,64.6357,77.95,73,0,13.24,clear sky
19,Eldorado,BR,2022-03-27 20:51:13,-23.7869,-54.2836,73.74,68,0,3.83,clear sky
20,Hualmay,PE,2022-03-27 20:52:14,-11.0964,-77.6139,74.28,74,96,10.96,overcast clouds
21,Albany,US,2022-03-27 20:48:23,42.6001,-73.9662,36.03,70,100,3.0,light snow
22,Rantepao,ID,2022-03-27 20:52:15,-2.9701,119.8978,64.58,93,100,3.51,overcast clouds
23,Lebu,CL,2022-03-27 20:52:15,-37.6167,-73.65,59.11,70,0,12.08,clear sky
24,Kodiak,US,2022-03-27 20:52:16,57.79,-152.4072,33.31,100,100,28.77,light snow
25,Katherine,AU,2022-03-27 20:52:16,-14.4667,132.2667,75.52,83,75,0.0,broken clouds
26,Port Hedland,AU,2022-03-27 20:49:39,-20.3167,118.5667,82.45,78,99,6.91,overcast clouds
27,Nabire,ID,2022-03-27 20:52:17,-3.3667,135.4833,74.39,93,100,7.07,overcast clouds
28,Kapaa,US,2022-03-27 20:52:17,22.0752,-159.319,79.2,66,20,5.75,few clouds
29,Bluff,NZ,2022-03-27 20:48:20,-46.6,168.3333,54.12,88,14,4.43,few clouds
30,Hobart,AU,2022-03-27 20:52:18,-42.8794,147.3294,61.05,77,0,6.91,light rain
31,Caravelas,BR,2022-03-27 20:52:18,-17.7125,-39.2481,77.56,80,0,5.5,clear sky
32,Port Elizabeth,ZA,2022-03-27 20:52:19,-33.918,25.5701,68.09,95,0,8.05,clear sky
33,Ucluelet,CA,2022-03-27 20:51:52,48.9329,-125.5528,50.31,93,100,1.01,light rain
34,Touros,BR,2022-03-27 20:52:19,-5.1989,-35.4608,80.58,80,36,11.3,scattered clouds
35,Saint George,US,2022-03-27 20:52:20,37.1041,-113.5841,85.24,10,0,11.01,clear sky
36,Esperance,AU,2022-03-27 20:52:20,-33.8667,121.9,62.44,73,100,13.62,overcast clouds
37,Ferrol,ES,2022-03-27 20:47:27,43.4832,-8.2369,58.35,83,100,1.07,overcast clouds
38,Mataura,NZ,2022-03-27 20:48:08,-46.1927,168.8643,54.9,87,5,1.99,clear sky
39,Upernavik,GL,2022-03-27 20:52:21,72.7868,-56.1549,21.56,77,100,2.86,overcast clouds
40,Margate,GB,2022-03-27 20:52:21,51.3813,1.3862,46.31,86,1,3.0,clear sky
41,Puerto Baquerizo Moreno,EC,2022-03-27 20:52:22,-0.9,-89.6,85.19,74,40,11.5,scattered clouds
42,Ancud,CL,2022-03-27 20:48:57,-41.8697,-73.8203,54.23,75,70,14.67,broken clouds
43,Hilo,US,2022-03-27 20:52:23,19.7297,-155.09,78.53,65,0,6.91,clear sky
44,Bengkulu,ID,2022-03-27 20:52:23,-3.8004,102.2655,74.48,90,75,5.59,broken clouds
45,San Patricio,US,2022-03-27 20:52:23,28.017,-97.5169,86.09,35,100,16.35,overcast clouds
46,Nemuro,JP,2022-03-27 20:52:24,43.3236,145.575,34.45,73,66,19.37,broken clouds
47,Puerto Ayora,EC,2022-03-27 20:52:24,-0.7393,-90.3518,84.16,76,95,12.8,light rain
48,Arraial Do Cabo,BR,2022-03-27 20:49:05,-22.9661,-42.0278,80.56,83,40,10.36,scattered clouds
49,Caidian,CN,2022-03-27 20:52:25,30.5833,114.0333,50.13,81,6,3.29,clear sky
50,Basco,PH,2022-03-27 20:52:14,20.4487,121.9702,78.24,86,73,16.46,broken clouds
51,Hof,DE,2022-03-27 20:52:25,50.3167,11.9167,47.44,75,0,3.44,clear sky
52,Vallenar,CL,2022-03-27 20:50:33,-28.5708,-70.7581,81.93,31,2,7.05,clear sky
53,Wad Madani,SD,2022-03-27 20:52:26,14.4012,33.5199,81.55,14,19,14.07,few clouds
54,San Quintin,MX,2022-03-27 20:52:26,30.4833,-115.95,64.98,63,44,8.03,scattered clouds
55,Saskylakh,RU,2022-03-27 20:49:08,71.9167,114.0833,-6.38,100,100,3.76,overcast clouds
56,Svencionys,LT,2022-03-27 20:52:27,55.15,26.1667,31.1,64,100,8.75,overcast clouds
57,Preston,GB,2022-03-27 20:52:28,53.7667,-2.7167,57.69,73,99,1.59,overcast clouds
58,Khatanga,RU,2022-03-27 20:52:28,71.9667,102.5,-22.99,100,97,1.74,overcast clouds
59,Butaritari,KI,2022-03-27 20:48:22,3.0707,172.7902,80.65,67,99,8.9,overcast clouds
60,Iquique,CL,2022-03-27 20:52:15,-20.2208,-70.1431,68.04,71,12,7.81,few clouds
61,Carnarvon,AU,2022-03-27 20:52:29,-24.8667,113.6333,69.87,83,40,4.61,scattered clouds
62,Saldanha,ZA,2022-03-27 20:52:30,-33.0117,17.9442,63.61,73,6,3.47,clear sky
63,Faanui,PF,2022-03-27 20:49:52,-16.4833,-151.75,82.18,73,20,14.97,light rain
64,Zhigansk,RU,2022-03-27 20:52:31,66.7697,123.3711,-6.05,100,96,2.73,overcast clouds
65,Meulaboh,ID,2022-03-27 20:52:31,4.1363,96.1285,77.16,85,96,3.78,overcast clouds
66,Hambantota,LK,2022-03-27 20:52:31,6.1241,81.1185,77.34,100,0,4.61,clear sky
67,Port Alfred,ZA,2022-03-27 20:52:32,-33.5906,26.891,67.17,90,99,1.99,overcast clouds
68,Port-Cartier,CA,2022-03-27 20:52:32,50.0334,-66.8654,32.22,100,100,5.82,light snow
69,Kavieng,PG,2022-03-27 20:52:33,-2.5744,150.7967,82.08,76,73,7.85,broken clouds
70,Vaini,TO,2022-03-27 20:52:33,-21.2,-175.2,78.96,94,75,3.44,broken clouds
71,Ekibastuz,KZ,2022-03-27 20:52:34,51.6667,75.3667,23.32,96,98,6.11,overcast clouds
72,Aswan,EG,2022-03-27 20:52:34,24.0934,32.907,66.04,14,100,13.22,overcast clouds
73,Senneterre,CA,2022-03-27 20:52:35,48.3835,-77.2328,8.94,88,100,11.61,light snow
74,Kautokeino,NO,2022-03-27 20:48:51,69.0125,23.0412,15.31,91,100,15.82,light snow
75,Yellowknife,CA,2022-03-27 20:48:12,62.456,-114.3525,14.41,63,20,5.75,few clouds
76,Pisco,PE,2022-03-27 20:48:26,-13.7,-76.2167,77.05,65,0,18.41,clear sky
77,Panguna,PG,2022-03-27 20:52:36,-6.3164,155.4848,70.99,93,100,1.41,overcast clouds
78,Hobyo,SO,2022-03-27 20:52:36,5.3505,48.5268,80.58,63,100,13.35,overcast clouds
79,Bredasdorp,ZA,2022-03-27 20:52:36,-34.5322,20.0403,64.99,81,38,2.71,scattered clouds
80,Mackay,AU,2022-03-27 20:51:14,-21.15,149.2,68.68,94,13,4.61,few clouds
81,Saint-Philippe,RE,2022-03-27 20:48:43,-21.3585,55.7679,76.59,85,99,10.71,overcast clouds
82,Sitka,US,2022-03-27 20:49:29,57.0531,-135.33,42.69,70,40,9.22,scattered clouds
83,Dawlatabad,AF,2022-03-27 20:52:38,36.4141,64.9053,50.49,47,0,4.16,clear sky
84,Can Tho,VN,2022-03-27 20:52:38,10.0333,105.7833,76.98,94,40,1.14,scattered clouds
85,Key Largo,US,2022-03-27 20:52:38,25.0865,-80.4473,81.0,45,0,12.26,clear sky
86,Oksfjord,NO,2022-03-27 20:52:39,70.2396,22.3479,12.27,92,72,10.58,broken clouds
87,Tuktoyaktuk,CA,2022-03-27 20:52:39,69.4541,-133.0374,-11.2,64,0,8.05,clear sky
88,Ushuaia,AR,2022-03-27 20:52:40,-54.8,-68.3,51.46,50,20,12.66,few clouds
89,Alofi,NU,2022-03-27 20:52:40,-19.0595,-169.9187,80.49,83,75,10.36,broken clouds
90,Salalah,OM,2022-03-27 20:52:41,17.0151,54.0924,77.67,49,6,2.3,clear sky
91,Luderitz,NA,2022-03-27 20:52:41,-26.6481,15.1594,65.91,64,0,4.81,clear sky
92,Garowe,SO,2022-03-27 20:52:41,8.4054,48.4845,73.11,46,42,12.57,scattered clouds
93,Vostok,RU,2022-03-27 20:52:42,46.4856,135.8833,20.43,98,100,3.71,light snow
94,Cockburn Town,TC,2022-03-27 20:52:42,21.4612,-71.1419,78.76,65,40,13.8,scattered clouds
95,Berlevag,NO,2022-03-27 20:52:43,70.8578,29.0864,21.15,86,75,4.61,broken clouds
96,Raahe,FI,2022-03-27 20:52:44,64.6833,24.4833,23.09,93,100,16.6,light snow
97,Taga,RO,2022-03-27 20:52:44,46.95,24.05,43.32,47,8,3.47,clear sky
98,Bilma,NE,2022-03-27 20:52:44,18.6853,12.9164,74.44,9,0,6.44,clear sky
99,Dingzhou,CN,2022-03-27 20:52:45,38.5131,114.9956,35.71,34,0,3.44,clear sky
100,Bathsheba,BB,2022-03-27 20:51:24,13.2167,-59.5167,83.01,61,20,16.11,few clouds
101,Mount Gambier,AU,2022-03-27 20:52:46,-37.8333,140.7667,60.71,94,75,6.91,broken clouds
102,Manokwari,ID,2022-03-27 20:49:19,-0.8667,134.0833,77.9,81,100,4.29,overcast clouds
103,Castro,BR,2022-03-27 20:52:46,-24.7911,-50.0119,70.07,76,6,2.64,clear sky
104,Port Augusta,AU,2022-03-27 20:52:47,-32.5,137.7667,68.31,57,96,9.13,overcast clouds
105,Aklavik,CA,2022-03-27 20:49:21,68.2191,-135.0107,1.26,87,88,4.23,overcast clouds
106,Santa Maria,BR,2022-03-27 20:52:47,-29.6842,-53.8069,79.9,50,40,4.61,scattered clouds
107,Ilulissat,GL,2022-03-27 20:48:16,69.2167,-51.1,28.42,46,0,0.0,clear sky
108,Bodden Town,KY,2022-03-27 20:49:44,19.2833,-81.25,82.4,65,40,14.97,scattered clouds
109,Ambon,ID,2022-03-27 20:51:03,-3.6954,128.1814,75.34,94,40,5.75,light rain
110,Ribeira Grande,PT,2022-03-27 20:52:48,38.5167,-28.7,61.2,72,20,9.22,few clouds
111,Nikolskoye,RU,2022-03-27 20:52:49,59.7035,30.7861,29.88,80,100,7.25,overcast clouds
112,Lazaro Cardenas,MX,2022-03-27 20:49:09,17.9583,-102.2,84.96,38,89,12.53,overcast clouds
113,Makakilo City,US,2022-03-27 20:48:21,21.3469,-158.0858,76.01,73,100,8.05,light rain
114,Jiexiu,CN,2022-03-27 20:52:50,37.0244,111.9125,45.5,34,14,3.98,few clouds
115,Cozumel,MX,2022-03-27 20:52:50,20.5083,-86.9458,81.95,64,5,11.01,clear sky
116,Jauja,PE,2022-03-27 20:52:51,-11.7758,-75.4966,60.46,60,96,6.87,overcast clouds
117,Ketchikan,US,2022-03-27 20:52:51,55.3422,-131.6461,46.87,66,20,11.5,few clouds
118,Lorengau,PG,2022-03-27 20:52:52,-2.0226,147.2712,81.07,77,98,5.26,overcast clouds
119,Talnakh,RU,2022-03-27 20:52:52,69.4865,88.3972,4.41,96,100,5.46,overcast clouds
120,Jutai,BR,2022-03-27 20:52:52,-5.1833,-68.9,74.35,97,100,0.89,overcast clouds
121,Lexington,US,2022-03-27 20:49:15,37.9887,-84.4777,45.99,35,0,11.5,clear sky
122,Puerto Escondido,MX,2022-03-27 20:52:06,15.85,-97.0667,85.24,61,100,7.38,overcast clouds
123,Bethel,US,2022-03-27 20:49:29,41.3712,-73.414,44.02,58,100,16.11,overcast clouds
124,Chuy,UY,2022-03-27 20:52:53,-33.6971,-53.4616,73.51,50,0,2.62,clear sky
125,Hithadhoo,MV,2022-03-27 20:52:54,-0.6,73.0833,81.9,66,4,5.73,clear sky
126,Tuburan,PH,2022-03-27 20:52:54,6.6439,122.2736,79.88,80,99,5.88,overcast clouds
127,Bebedouro,BR,2022-03-27 20:50:35,-20.9494,-48.4792,74.73,83,98,6.78,overcast clouds
128,Cayenne,GF,2022-03-27 20:52:55,4.9333,-52.3333,81.09,1,75,13.8,broken clouds
129,Hun,LY,2022-03-27 20:52:55,29.1268,15.9477,68.5,10,14,9.35,few clouds
130,Lompoc,US,2022-03-27 20:52:56,34.6391,-120.4579,70.61,67,100,21.99,haze
131,Yumen,CN,2022-03-27 20:52:56,40.2833,97.2,46.0,19,77,13.85,broken clouds
132,New Norfolk,AU,2022-03-27 20:52:57,-42.7826,147.0587,60.71,63,89,2.46,light rain
133,Brownsville,US,2022-03-27 20:52:57,25.9018,-97.4975,84.09,48,0,20.71,clear sky
134,Namibe,AO,2022-03-27 20:52:58,-15.1961,12.1522,71.92,73,90,12.71,overcast clouds
135,Ostrovnoy,RU,2022-03-27 20:52:58,68.0531,39.5131,17.4,79,100,2.91,overcast clouds
136,Panaba,MX,2022-03-27 20:52:58,21.2833,-88.2667,86.0,33,2,21.43,clear sky
137,Sulangan,PH,2022-03-27 20:52:59,11.1373,123.7228,80.91,80,58,10.25,broken clouds
138,Dunedin,NZ,2022-03-27 20:51:51,-45.8742,170.5036,60.8,86,0,7.0,clear sky
139,Qaanaaq,GL,2022-03-27 20:52:49,77.484,-69.3632,10.02,89,100,4.79,overcast clouds
140,Olafsvik,IS,2022-03-27 20:52:07,64.8945,-23.7142,32.65,71,100,24.27,overcast clouds
141,Cape Town,ZA,2022-03-27 20:50:51,-33.9258,18.4232,70.12,62,0,3.44,clear sky
142,Kudahuvadhoo,MV,2022-03-27 20:53:00,2.6708,72.8944,81.77,68,55,6.24,broken clouds
143,Ust-Kulom,RU,2022-03-27 20:53:01,61.6864,53.6902,29.7,98,100,3.29,overcast clouds
144,Egvekinot,RU,2022-03-27 20:53:01,66.3167,-179.1667,0.21,89,10,2.24,clear sky
145,Sola,VU,2022-03-27 20:53:02,-13.8833,167.55,81.86,75,98,8.86,overcast clouds
146,Najran,SA,2022-03-27 20:53:02,17.4924,44.1277,65.05,26,0,2.89,clear sky
147,Lakatoro,VU,2022-03-27 20:53:03,-16.0999,167.4164,81.61,83,99,5.41,overcast clouds
148,Xining,CN,2022-03-27 20:53:03,36.6167,101.7667,37.08,33,6,1.9,clear sky
149,Dikson,RU,2022-03-27 20:53:03,73.5069,80.5464,-17.25,100,14,3.27,few clouds
150,Mirnyy,RU,2022-03-27 20:53:04,62.5353,113.9611,9.59,98,100,2.8,overcast clouds
151,Baykit,RU,2022-03-27 20:53:04,61.67,96.37,-2.54,100,74,3.96,broken clouds
152,Alamogordo,US,2022-03-27 20:48:45,32.8995,-105.9603,84.96,8,0,6.91,clear sky
153,Aykhal,RU,2022-03-27 20:53:05,66.0,111.5,-1.84,100,100,5.17,overcast clouds
154,Lensk,RU,2022-03-27 20:53:05,60.7253,114.9278,14.72,94,100,10.56,light snow
155,Norman Wells,CA,2022-03-27 20:49:38,65.282,-126.8329,5.04,66,75,4.61,light snow
156,Tuatapere,NZ,2022-03-27 20:48:23,-46.1333,167.6833,56.89,84,5,3.04,clear sky
157,Paralimni,CY,2022-03-27 20:53:06,35.0375,33.9833,48.69,69,0,4.54,clear sky
158,Fayetteville,US,2022-03-27 20:51:55,35.0527,-78.8784,64.92,16,0,17.27,clear sky
159,Beyneu,KZ,2022-03-27 20:53:07,45.3167,55.2,43.81,70,100,15.35,overcast clouds
160,Timra,SE,2022-03-27 20:48:44,62.487,17.3257,31.68,100,75,0.0,broken clouds
161,Anloga,GH,2022-03-27 20:53:08,5.7947,0.8973,82.92,84,59,14.18,broken clouds
162,Izumo,JP,2022-03-27 20:53:08,35.3667,132.7667,48.15,58,100,9.33,overcast clouds
163,Nouadhibou,MR,2022-03-27 20:53:09,20.931,-17.0347,66.18,88,100,8.05,overcast clouds
164,Lagoa,PT,2022-03-27 20:53:09,39.05,-27.9833,58.89,85,100,13.0,overcast clouds
165,Fortuna,US,2022-03-27 20:53:10,40.5982,-124.1573,65.93,72,20,8.05,few clouds
166,Zaporizhzhya,UA,2022-03-27 20:53:10,47.8167,35.1833,33.13,45,5,13.29,clear sky
167,Cherskiy,RU,2022-03-27 20:53:10,68.75,161.3,0.48,97,100,7.25,overcast clouds
168,San Cristobal,VE,2022-03-27 20:53:11,7.7669,-72.225,75.38,60,100,4.88,overcast clouds
169,Avarua,CK,2022-03-27 20:51:01,-21.2078,-159.775,82.45,78,20,9.22,few clouds
170,Longyearbyen,SJ,2022-03-27 20:53:12,78.2186,15.6401,8.44,66,20,8.05,few clouds
171,Spornoye,RU,2022-03-27 20:53:13,50.8448,37.2913,25.47,68,61,16.71,broken clouds
172,Noumea,NC,2022-03-27 20:50:18,-22.2763,166.4572,79.0,99,29,10.8,scattered clouds
173,Mnogovershinnyy,RU,2022-03-27 20:53:14,53.9353,139.9242,-0.8,94,84,5.66,broken clouds
174,Piacabucu,BR,2022-03-27 20:53:14,-10.4056,-36.4344,79.77,81,97,9.93,overcast clouds
175,Starachowice,PL,2022-03-27 20:53:15,51.0374,21.0713,40.39,48,17,4.65,few clouds
176,Simao,CN,2022-03-27 20:53:15,22.7886,100.9748,57.02,76,2,2.68,clear sky
177,Bubaque,GW,2022-03-27 20:53:15,11.2833,-15.8333,76.01,70,98,21.72,overcast clouds
178,Kajaani,FI,2022-03-27 20:53:16,64.2273,27.7285,21.25,49,100,8.05,light snow
179,Husavik,IS,2022-03-27 20:49:02,66.0449,-17.3389,24.15,66,53,6.82,broken clouds
180,Victoria,HK,2022-03-27 20:52:04,22.2855,114.1577,65.25,91,100,4.0,moderate rain
181,Anori,BR,2022-03-27 20:53:17,-3.7728,-61.6442,81.27,88,87,2.3,overcast clouds
182,Tahe,CN,2022-03-27 20:53:17,52.3333,124.7333,15.17,94,100,3.38,overcast clouds
183,High Level,CA,2022-03-27 20:53:18,58.5169,-117.136,28.51,59,20,3.44,few clouds
184,Capinzal,BR,2022-03-27 20:53:18,-27.3436,-51.6119,70.43,74,0,3.09,clear sky
185,Rocha,UY,2022-03-27 20:53:18,-34.4833,-54.3333,73.42,40,0,6.02,clear sky
186,Hamilton,US,2022-03-27 20:53:19,39.1834,-84.5333,43.88,45,8,5.01,clear sky
187,Tasiilaq,GL,2022-03-27 20:53:20,65.6145,-37.6368,21.54,83,100,11.99,overcast clouds
188,Poso,ID,2022-03-27 20:53:20,-1.3959,120.7524,77.47,78,100,3.49,overcast clouds
189,Mmathubudukwane,BW,2022-03-27 20:53:20,-24.6,26.4333,72.7,49,32,5.79,scattered clouds
190,Ponta Do Sol,PT,2022-03-27 20:53:21,32.6667,-17.1,62.06,79,12,6.02,few clouds
191,Chapais,CA,2022-03-27 20:53:21,49.7834,-74.8492,8.38,87,100,12.21,light snow
192,Dzan,MX,2022-03-27 20:53:22,20.3833,-89.4667,89.91,22,5,4.59,clear sky
193,Ukiah,US,2022-03-27 20:48:30,39.1502,-123.2078,62.44,68,20,17.27,few clouds
194,Lamballe,FR,2022-03-27 20:53:22,48.4676,-2.5144,53.71,89,76,4.85,broken clouds
195,Pichayevo,RU,2022-03-27 20:53:23,53.2363,42.2032,23.65,90,100,17.0,light snow
196,Comodoro Rivadavia,AR,2022-03-27 20:53:23,-45.8667,-67.5,71.46,21,19,24.16,few clouds
197,Portland,US,2022-03-27 20:49:38,45.5234,-122.6762,67.48,69,100,5.01,overcast clouds
198,Chokurdakh,RU,2022-03-27 20:48:28,70.6333,147.9167,-13.72,100,86,5.75,overcast clouds
199,Taoudenni,ML,2022-03-27 20:53:24,22.6783,-3.9836,90.1,19,34,4.52,scattered clouds
200,Beni,CD,2022-03-27 20:53:25,0.5,29.4667,62.74,98,83,2.59,light rain
201,Nuuk,GL,2022-03-27 20:48:34,64.1835,-51.7216,34.41,64,75,1.14,broken clouds
202,Mikhaylovskoye,RU,2022-03-27 20:53:25,51.8239,79.7172,29.75,98,100,4.38,overcast clouds
203,Tura,IN,2022-03-27 20:53:26,25.5198,90.2201,70.68,53,2,3.8,clear sky
204,Imbituba,BR,2022-03-27 20:53:26,-28.24,-48.6703,71.82,79,8,4.81,clear sky
205,Hasaki,JP,2022-03-27 20:53:27,35.7333,140.8333,48.6,76,100,12.59,overcast clouds
206,Fukue,JP,2022-03-27 20:53:27,32.6881,128.8419,53.37,58,100,7.78,overcast clouds
207,Conde,BR,2022-03-27 20:53:28,-7.2597,-34.9075,80.06,94,75,5.75,broken clouds
208,Bogo,PH,2022-03-27 20:53:28,11.0517,124.0055,77.7,86,17,5.28,few clouds
209,Narsaq,GL,2022-03-27 20:53:28,60.9167,-46.05,33.04,63,100,9.24,overcast clouds
210,Mpongwe,ZM,2022-03-27 20:53:29,-13.5091,28.155,64.81,98,76,3.78,moderate rain
211,Brenham,US,2022-03-27 20:52:18,30.1669,-96.3977,82.81,43,61,12.88,broken clouds
212,Cabedelo,BR,2022-03-27 20:53:29,-6.9811,-34.8339,81.27,83,86,11.03,overcast clouds
213,Kaeo,NZ,2022-03-27 20:50:10,-35.1,173.7833,62.33,90,3,3.67,clear sky
214,Shimanovsk,RU,2022-03-27 20:53:30,52.0,127.7,16.29,80,92,5.1,overcast clouds
215,Soyo,AO,2022-03-27 20:53:31,-6.1349,12.3689,80.85,91,100,10.07,overcast clouds
216,Matara,LK,2022-03-27 20:53:31,5.9485,80.5353,77.27,89,26,5.84,scattered clouds
217,Nara,JP,2022-03-27 20:53:31,34.6851,135.8049,51.49,48,82,9.69,broken clouds
218,Zhangye,CN,2022-03-27 20:53:32,38.9342,100.4517,49.32,17,96,8.84,overcast clouds
219,Mlonggo,ID,2022-03-27 20:53:32,-6.5333,110.7,79.05,84,62,5.48,moderate rain
220,Kitui,KE,2022-03-27 20:53:33,-1.367,38.0106,65.84,92,42,4.74,moderate rain
221,Saint-Augustin,CA,2022-03-27 20:53:33,51.226,-58.6502,33.03,95,100,20.56,overcast clouds
222,Tadine,NC,2022-03-27 20:53:33,-21.55,167.8833,78.03,74,37,13.71,scattered clouds
223,Angoche,MZ,2022-03-27 20:53:34,-16.2325,39.9086,78.01,77,100,6.6,overcast clouds
224,Thompson,CA,2022-03-27 20:53:34,55.7435,-97.8558,10.56,31,0,0.0,clear sky
225,Nagato,JP,2022-03-27 20:53:35,34.3833,131.2,49.19,59,99,19.15,overcast clouds
226,Pindushi,RU,2022-03-27 20:53:35,62.9152,34.58,2.93,97,11,3.31,few clouds
227,Barrow,US,2022-03-27 20:53:36,71.2906,-156.7887,-2.06,90,67,19.33,broken clouds
228,Port Lincoln,AU,2022-03-27 20:53:05,-34.7333,135.8667,63.18,84,33,8.39,scattered clouds
229,Zdvinsk,RU,2022-03-27 20:53:36,54.7021,78.661,9.57,96,68,5.64,broken clouds
230,Akureyri,IS,2022-03-27 20:53:37,65.6835,-18.0878,26.53,54,0,2.3,clear sky
231,Adrar,MR,2022-03-27 20:53:37,20.5022,-10.0711,80.83,11,8,4.5,clear sky
232,Kayiry,UA,2022-03-27 20:53:37,46.9454,33.7059,35.85,47,41,12.06,scattered clouds
233,Borzya,RU,2022-03-27 20:53:38,50.3833,116.5167,23.47,50,22,2.77,few clouds
234,Tecoanapa,MX,2022-03-27 20:53:39,16.5167,-98.75,85.33,43,70,11.14,broken clouds
235,Laguna,US,2022-03-27 20:53:39,38.421,-121.4238,75.97,50,0,9.22,clear sky
236,Touba,CI,2022-03-27 20:53:39,8.2833,-7.6833,83.1,52,93,2.46,overcast clouds
237,Soe,ID,2022-03-27 20:53:40,-9.8607,124.284,64.6,91,32,2.86,scattered clouds
238,Samarai,PG,2022-03-27 20:53:40,-10.6167,150.6667,81.52,78,100,3.58,overcast clouds
239,Nicoya,CR,2022-03-27 20:52:59,10.1483,-85.452,93.87,34,85,10.89,overcast clouds
240,Biltine,TD,2022-03-27 20:53:41,14.5333,20.9167,75.13,7,2,18.19,clear sky
241,Dresden,DE,2022-03-27 20:51:36,51.0509,13.7383,51.26,70,0,3.44,clear sky
242,Labuhan,ID,2022-03-27 20:53:41,-6.8844,112.2051,78.48,83,94,4.83,overcast clouds
243,Airai,TL,2022-03-27 20:50:53,-8.9266,125.4092,59.0,89,91,1.3,overcast clouds
244,Codrington,AU,2022-03-27 20:53:42,-38.2667,141.9667,62.2,84,96,5.68,overcast clouds
245,Pacific Grove,US,2022-03-27 20:52:09,36.6177,-121.9166,63.07,72,40,34.0,scattered clouds
246,Domat,CH,2022-03-27 20:53:43,46.8348,9.4508,47.1,78,25,6.55,scattered clouds
247,Llata,PE,2022-03-27 20:53:43,-9.4167,-76.7833,58.96,81,97,6.15,overcast clouds
248,Sur,OM,2022-03-27 20:53:43,22.5667,59.5289,78.76,56,0,2.64,clear sky
249,Nome,US,2022-03-27 20:53:44,64.5011,-165.4064,26.17,65,99,6.17,overcast clouds
250,Destin,US,2022-03-27 20:53:44,30.3935,-86.4958,79.65,58,0,13.8,clear sky
251,Gambiran,ID,2022-03-27 20:53:45,-6.7988,111.4951,74.41,92,89,3.96,overcast clouds
252,Souillac,MU,2022-03-27 20:53:45,-20.5167,57.5167,79.18,83,40,1.14,scattered clouds
253,Shenzhen,CN,2022-03-27 20:53:45,22.5455,114.0683,65.14,99,100,6.73,moderate rain
254,Ballina,AU,2022-03-27 20:53:46,-28.8667,153.5667,68.18,100,100,4.61,moderate rain
255,Bonwapitse,BW,2022-03-27 20:53:46,-23.0766,26.7037,69.04,74,62,7.14,broken clouds
256,Severo-Kurilsk,RU,2022-03-27 20:48:55,50.6789,156.125,32.85,89,74,20.36,broken clouds
257,Arrifes,PT,2022-03-27 20:53:47,37.7667,-25.7,59.25,82,20,13.8,few clouds
258,Nelson Bay,AU,2022-03-27 20:53:47,-32.7167,152.15,69.01,97,100,4.74,overcast clouds
259,Derzhavinsk,KZ,2022-03-27 20:53:48,51.1,66.3167,18.43,96,90,9.84,overcast clouds
260,Tongzi,CN,2022-03-27 20:53:48,28.7829,105.0877,53.4,85,0,2.17,clear sky
261,Sao Filipe,CV,2022-03-27 20:53:49,14.8961,-24.4956,70.79,72,100,10.89,overcast clouds
262,Ossora,RU,2022-03-27 20:53:49,59.2353,163.0719,25.0,86,100,16.35,light snow
263,Ayan,RU,2022-03-27 20:53:50,56.45,138.1667,4.68,90,24,5.99,few clouds
264,Nashville,US,2022-03-27 20:49:08,36.1659,-86.7844,55.51,26,0,9.22,clear sky
265,Padang,ID,2022-03-27 20:52:37,-0.9492,100.3543,74.68,65,47,4.63,scattered clouds
266,Machali,CL,2022-03-27 20:53:51,-34.1833,-70.6667,76.28,29,0,8.05,clear sky
267,Mentor,US,2022-03-27 20:53:51,41.6662,-81.3395,28.74,66,100,16.11,overcast clouds
268,Whitehorse,CA,2022-03-27 20:53:52,60.7161,-135.0538,34.57,48,75,2.3,broken clouds
269,Okha,RU,2022-03-27 20:53:52,53.5739,142.9478,11.57,88,100,20.69,overcast clouds
270,East London,ZA,2022-03-27 20:53:53,-33.0153,27.9116,71.6,81,77,19.84,broken clouds
271,Phan Thiet,VN,2022-03-27 20:49:47,10.9333,108.1,76.62,79,91,3.44,overcast clouds
272,Geraldton,AU,2022-03-27 20:53:54,-28.7667,114.6,73.81,78,75,9.22,broken clouds
273,Lavrentiya,RU,2022-03-27 20:49:20,65.5833,-171.0,12.34,80,95,3.24,overcast clouds
274,Fairbanks,US,2022-03-27 20:50:50,64.8378,-147.7164,36.48,70,0,3.44,clear sky
275,Constitucion,CL,2022-03-27 20:53:55,-35.3333,-72.4167,63.39,68,73,15.64,broken clouds
276,Nyurba,RU,2022-03-27 20:53:56,63.2842,118.3319,-2.09,100,100,2.8,overcast clouds
277,Juba,SS,2022-03-27 20:53:56,4.8517,31.5825,78.21,72,98,7.92,overcast clouds
278,Batagay-Alyta,RU,2022-03-27 20:52:43,67.8006,130.4114,-14.57,90,29,6.35,scattered clouds
279,Fort Nelson,CA,2022-03-27 20:51:15,58.8053,-122.7002,24.39,54,75,2.3,broken clouds
280,Kruisfontein,ZA,2022-03-27 20:53:57,-34.0033,24.7314,65.88,88,100,5.53,overcast clouds
281,Ciudad Bolivar,VE,2022-03-27 20:53:57,8.1222,-63.5497,95.14,34,66,17.25,broken clouds
282,La Reforma,MX,2022-03-27 20:53:58,25.0833,-108.05,79.48,32,23,11.7,few clouds
283,La Ronge,CA,2022-03-27 20:50:31,55.1001,-105.2842,19.62,53,100,13.8,overcast clouds
284,Vila Velha,BR,2022-03-27 20:53:59,-20.3297,-40.2925,84.15,79,0,17.27,clear sky
285,Lagos,NG,2022-03-27 20:53:33,6.5833,3.75,84.52,80,26,6.24,scattered clouds
286,Amapa,BR,2022-03-27 20:54:01,1.0,-52.0,74.08,99,100,2.66,heavy intensity rain
287,Oriximina,BR,2022-03-27 20:54:02,-1.7656,-55.8661,82.06,81,93,2.01,overcast clouds
288,Takoradi,GH,2022-03-27 20:54:02,4.8845,-1.7554,81.3,84,56,6.26,broken clouds
289,Yeppoon,AU,2022-03-27 20:54:02,-23.1333,150.7333,71.38,89,19,5.46,few clouds
290,Qasigiannguit,GL,2022-03-27 20:54:03,68.8193,-51.1922,19.67,79,36,5.95,scattered clouds
291,Bad Freienwalde,DE,2022-03-27 20:54:03,52.7873,14.0304,53.46,64,7,3.0,clear sky
292,Mareeba,AU,2022-03-27 20:54:04,-17.0,145.4333,68.72,94,94,2.89,overcast clouds
293,Verkhoyansk,RU,2022-03-27 20:54:04,67.5447,133.385,-20.04,99,51,2.3,broken clouds
294,Road Town,VG,2022-03-27 20:50:10,18.4167,-64.6167,80.64,69,40,4.61,scattered clouds
295,Bilibino,RU,2022-03-27 20:52:21,68.0546,166.4372,-3.39,98,100,1.59,overcast clouds
296,Skibbereen,IE,2022-03-27 20:54:00,51.55,-9.2667,51.12,94,0,8.95,clear sky
297,Solvychegodsk,RU,2022-03-27 20:54:05,61.3305,46.9156,14.61,89,100,12.33,overcast clouds
298,Sungairaya,ID,2022-03-27 20:54:06,0.7,108.9,76.3,91,84,3.69,broken clouds
299,Waingapu,ID,2022-03-27 20:54:06,-9.6567,120.2641,77.45,83,59,4.54,broken clouds
300,Luwuk,ID,2022-03-27 20:54:07,-0.9516,122.7875,77.27,84,100,2.77,heavy intensity rain
301,Kuusamo,FI,2022-03-27 20:54:07,65.9667,29.1833,-3.96,84,0,3.44,clear sky
302,Te Anau,NZ,2022-03-27 20:54:07,-45.4167,167.7167,57.33,78,9,1.41,clear sky
303,Lucapa,AO,2022-03-27 20:54:08,-8.4192,20.7447,68.0,92,100,1.3,light rain
304,Cidreira,BR,2022-03-27 20:54:08,-30.1811,-50.2056,71.42,73,0,8.48,clear sky
305,Kenitra,MA,2022-03-27 20:54:09,34.261,-6.5802,59.76,67,100,7.87,overcast clouds
306,El Alto,PE,2022-03-27 20:54:09,-4.2714,-81.2147,73.58,73,100,12.62,overcast clouds
307,Kijang,KR,2022-03-27 20:54:10,35.2442,129.2139,44.33,46,100,12.66,overcast clouds
308,Kailua,US,2022-03-27 20:54:10,21.4022,-157.7394,78.75,73,22,3.0,few clouds
309,Cacapava Do Sul,BR,2022-03-27 20:52:10,-30.5122,-53.4914,72.45,46,1,5.59,clear sky
310,Vanavara,RU,2022-03-27 20:54:11,60.34,102.2797,9.21,95,99,7.96,overcast clouds
311,Kahului,US,2022-03-27 20:49:51,20.8947,-156.47,82.42,39,20,16.11,few clouds
312,Sesheke,ZM,2022-03-27 20:54:12,-17.4759,24.2968,72.28,72,71,4.21,broken clouds
313,Bose,IT,2022-03-27 20:50:51,45.4612,8.0137,55.15,33,22,5.61,few clouds
314,Jawhar,SO,2022-03-27 20:51:23,2.7809,45.5005,79.3,64,99,13.13,overcast clouds
315,Quatre Cocos,MU,2022-03-27 20:51:13,-20.2078,57.7625,78.91,75,10,7.96,clear sky
316,Tiarei,PF,2022-03-27 20:54:13,-17.5333,-149.3333,86.02,76,71,15.3,light rain
317,Kirknewton,GB,2022-03-27 20:54:13,55.8875,-3.419,51.35,70,0,2.3,clear sky
318,Garissa,KE,2022-03-27 20:54:06,-0.4536,39.6401,84.88,60,81,12.19,broken clouds
319,Poum,NC,2022-03-27 20:50:24,-20.2333,164.0167,80.28,76,31,15.1,scattered clouds
320,Olinda,BR,2022-03-27 20:54:14,-8.0089,-34.8553,82.13,78,75,8.05,broken clouds
321,Sisimiut,GL,2022-03-27 20:54:15,66.9395,-53.6735,25.12,67,13,9.84,few clouds
322,Vestmannaeyjar,IS,2022-03-27 20:54:15,63.4427,-20.2734,46.0,90,100,20.65,overcast clouds
323,Aden,YE,2022-03-27 20:54:15,12.7794,45.0367,80.38,65,4,2.89,clear sky
324,Kyshtovka,RU,2022-03-27 20:54:16,56.555,76.6271,-0.29,100,84,4.12,broken clouds
325,Pesochenskiy,RU,2022-03-27 20:54:16,54.1733,36.1094,23.29,73,91,14.97,overcast clouds
326,Pringsewu,ID,2022-03-27 20:54:17,-5.3582,104.9744,72.54,96,45,1.01,scattered clouds
327,Puerto Penasco,MX,2022-03-27 20:54:18,31.3167,-113.5333,67.91,74,8,13.0,clear sky
328,Maravilha,BR,2022-03-27 20:54:18,-26.7608,-53.1725,70.61,78,0,3.6,clear sky
329,Saint-Pierre,RE,2022-03-27 20:51:51,-21.3393,55.4781,76.91,82,0,3.44,clear sky
330,Coquimbo,CL,2022-03-27 20:52:36,-29.9533,-71.3436,62.33,77,20,13.8,few clouds
331,Porto Novo,BJ,2022-03-27 20:54:19,6.4965,2.6036,85.82,79,34,10.02,scattered clouds
332,Rio Rancho,US,2022-03-27 20:52:20,35.2334,-106.6645,80.15,10,56,4.0,broken clouds
333,Marawi,PH,2022-03-27 20:54:19,7.9986,124.2928,67.21,93,33,1.81,scattered clouds
334,Tocopilla,CL,2022-03-27 20:54:20,-22.092,-70.1979,71.91,67,21,11.25,few clouds
335,Bambous Virieux,MU,2022-03-27 20:54:03,-20.3428,57.7575,79.05,83,40,1.14,scattered clouds
336,Tiznit,MA,2022-03-27 20:54:20,29.5833,-9.5,67.96,35,100,1.28,overcast clouds
337,Ambulu,ID,2022-03-27 20:54:21,-8.345,113.6058,75.81,88,88,2.98,overcast clouds
338,Serebryansk,KZ,2022-03-27 20:54:21,49.6925,83.2892,32.18,95,100,3.02,snow
339,Alpena,US,2022-03-27 20:54:22,45.0617,-83.4327,24.19,53,100,11.01,overcast clouds
340,Doha,QA,2022-03-27 20:49:50,25.2867,51.5333,66.18,46,0,19.57,clear sky
341,Kinshasa,CD,2022-03-27 20:49:23,-4.3246,15.3215,80.98,78,20,4.61,light rain
342,Krasnoselkup,RU,2022-03-27 20:54:23,65.7,82.4667,-6.02,100,73,6.76,broken clouds
343,Finspang,SE,2022-03-27 20:53:53,58.7058,15.7674,48.72,64,16,11.72,few clouds
344,Leningradskiy,RU,2022-03-27 20:51:43,69.3833,178.4167,-7.26,89,15,3.49,few clouds
345,Toktogul,KG,2022-03-27 20:54:24,41.8708,72.9402,38.5,94,94,0.63,overcast clouds
346,Cabo San Lucas,MX,2022-03-27 20:51:59,22.8909,-109.9124,85.6,45,6,9.64,clear sky
347,Paracale,PH,2022-03-27 20:54:25,14.2804,122.7881,77.56,88,100,7.74,overcast clouds
348,Port Hardy,CA,2022-03-27 20:51:18,50.6996,-127.4199,48.38,93,100,5.75,light rain
349,Paciran,ID,2022-03-27 20:54:25,-6.8767,112.3761,78.15,85,96,4.43,light rain
350,Vao,NC,2022-03-27 20:50:48,-22.6667,167.4833,76.66,69,27,17.43,scattered clouds
351,Soligalich,RU,2022-03-27 20:54:26,59.0778,42.2864,17.15,85,100,12.95,overcast clouds
352,Hohhot,CN,2022-03-27 20:54:26,40.8106,111.6522,23.29,63,0,6.71,clear sky
353,Lillehammer,NO,2022-03-27 20:54:27,61.1146,10.4674,38.79,72,100,7.9,overcast clouds
354,Wad Rawah,SD,2022-03-27 20:54:27,15.1603,33.1397,79.39,15,22,13.02,few clouds
355,Rorvik,NO,2022-03-27 20:54:28,64.8621,11.2373,39.31,75,75,26.46,light rain
356,Puerto Quijarro,BO,2022-03-27 20:54:28,-17.7833,-57.7667,86.76,54,23,2.17,few clouds
357,Lesnoy,RU,2022-03-27 20:54:29,57.6198,63.0784,22.14,89,100,14.03,overcast clouds
358,Dekar,BW,2022-03-27 20:54:29,-21.5333,21.9333,72.75,57,54,8.01,broken clouds
359,Iisalmi,FI,2022-03-27 20:54:29,63.5592,27.1907,22.21,94,100,10.76,light snow
360,Brae,GB,2022-03-27 20:54:30,60.3964,-1.353,47.48,86,2,16.75,clear sky
361,Agaro,ET,2022-03-27 20:54:30,7.85,36.65,64.62,70,37,2.06,scattered clouds
362,Belmonte,BR,2022-03-27 20:51:30,-15.8631,-38.8828,78.82,78,9,6.49,clear sky
363,Iqaluit,CA,2022-03-27 20:54:31,63.7506,-68.5145,19.13,92,100,2.3,overcast clouds
364,Horodyshche,UA,2022-03-27 20:54:31,49.2849,31.4451,32.23,42,72,9.46,broken clouds
365,Guatire,VE,2022-03-27 20:54:32,10.4762,-66.5427,81.77,68,87,5.79,overcast clouds
366,Nanortalik,GL,2022-03-27 20:54:32,60.1432,-45.2371,30.51,80,98,4.88,overcast clouds
367,Careiro Da Varzea,BR,2022-03-27 20:52:49,-3.2003,-59.8119,84.83,83,90,3.22,light rain
368,Tsybli,UA,2022-03-27 20:54:33,49.9948,31.5628,32.97,42,64,14.18,broken clouds
369,Dulyapino,RU,2022-03-27 20:54:34,57.2578,40.8147,18.79,84,100,17.2,overcast clouds
370,Taltal,CL,2022-03-27 20:54:34,-25.4,-70.4833,70.11,69,23,8.19,few clouds
371,Oum Hadjer,TD,2022-03-27 20:54:35,13.2954,19.6966,78.37,8,4,15.43,clear sky
372,Tiksi,RU,2022-03-27 20:54:35,71.6872,128.8694,-11.61,100,99,5.44,overcast clouds
373,San Policarpo,PH,2022-03-27 20:51:00,12.1791,125.5072,80.58,82,99,10.16,overcast clouds
374,Khasan,RU,2022-03-27 20:54:36,42.4308,130.6434,35.62,59,0,8.72,clear sky
375,South Yuba City,US,2022-03-27 20:54:36,39.1166,-121.6391,75.06,43,40,10.36,scattered clouds
376,Inverness,GB,2022-03-27 20:54:36,57.4791,-4.224,44.8,87,0,2.3,clear sky
377,Mouila,GA,2022-03-27 20:54:37,-1.8685,11.0559,74.75,98,62,1.23,light rain
378,Acapulco,MX,2022-03-27 20:49:44,16.8634,-99.8901,85.75,37,66,9.89,broken clouds
379,Isangel,VU,2022-03-27 20:52:49,-19.55,169.2667,80.28,77,62,7.29,broken clouds
380,Prieska,ZA,2022-03-27 20:54:38,-29.6641,22.7474,77.14,33,38,6.93,scattered clouds
381,Provideniya,RU,2022-03-27 20:54:38,64.3833,-173.3,15.91,73,0,4.47,clear sky
382,Coswig,DE,2022-03-27 20:54:38,51.1333,13.5833,51.28,69,0,3.44,clear sky
383,Maragogi,BR,2022-03-27 20:54:39,-9.0122,-35.2225,78.46,86,100,8.34,light rain
384,Pemangkat,ID,2022-03-27 20:54:39,1.1667,108.9667,75.9,88,78,3.76,broken clouds
385,Payo,ID,2022-03-27 20:54:40,-3.7508,103.6372,71.67,97,89,1.39,overcast clouds
386,Moratuwa,LK,2022-03-27 20:54:40,6.773,79.8816,82.42,88,5,4.7,clear sky
387,Santa Isabel Do Rio Negro,BR,2022-03-27 20:54:40,-0.4139,-65.0192,81.52,91,93,1.97,light rain
388,Jardim,BR,2022-03-27 20:54:41,-21.4803,-56.1381,83.12,62,7,1.43,clear sky
389,Mpanda,TZ,2022-03-27 20:54:41,-6.3655,31.0409,66.04,95,99,1.68,light rain
390,Mercedes,AR,2022-03-27 20:54:42,-34.6515,-59.4307,79.65,53,0,4.54,clear sky
391,Kaitangata,NZ,2022-03-27 20:54:42,-46.2817,169.8464,54.36,89,7,2.1,clear sky
392,Chegdomyn,RU,2022-03-27 20:54:43,51.1167,133.0167,9.54,96,96,1.83,overcast clouds
393,Los Llanos De Aridane,ES,2022-03-27 20:54:43,28.6585,-17.9182,60.55,92,75,5.75,broken clouds
394,Kiunga,PG,2022-03-27 20:54:43,-6.1219,141.2906,73.04,99,93,1.92,overcast clouds
395,Batemans Bay,AU,2022-03-27 20:54:44,-35.7167,150.1833,65.1,91,95,3.76,overcast clouds
396,Dalhousie,IN,2022-03-27 20:54:44,32.5333,75.9833,53.26,29,0,9.89,clear sky
397,Ushtobe,KZ,2022-03-27 20:54:45,45.2514,77.9838,41.41,63,100,8.95,overcast clouds
398,Uray,RU,2022-03-27 20:54:45,60.1247,64.7758,22.03,89,100,14.27,overcast clouds
399,Niscemi,IT,2022-03-27 20:54:46,37.1486,14.3913,57.76,85,76,9.64,broken clouds
400,Buraydah,SA,2022-03-27 20:53:24,26.326,43.975,61.25,25,0,9.82,clear sky
401,Chapleau,CA,2022-03-27 20:54:46,47.8405,-83.4034,12.29,37,75,11.5,broken clouds
402,Alta Floresta,BR,2022-03-27 20:51:07,-9.8756,-56.0861,85.82,74,40,6.91,scattered clouds
403,Banepa,NP,2022-03-27 20:54:47,27.6298,85.5214,55.44,31,0,3.83,clear sky
404,Panhala,IN,2022-03-27 20:54:47,16.8167,74.1167,70.66,73,54,2.91,broken clouds
405,Ayagoz,KZ,2022-03-27 20:54:46,47.9714,80.4392,29.19,94,99,15.52,overcast clouds
406,Iturama,BR,2022-03-27 20:54:03,-19.7281,-50.1956,77.45,78,100,5.5,overcast clouds
407,Bereda,ES,2022-03-27 20:54:48,43.2686,-7.5406,55.15,75,100,1.52,overcast clouds
408,Ambilobe,MG,2022-03-27 20:50:54,-13.2,49.05,74.35,95,44,3.22,scattered clouds
409,Sambava,MG,2022-03-27 20:54:49,-14.2667,50.1667,77.13,89,20,3.62,few clouds
410,Bandarbeyla,SO,2022-03-27 20:54:49,9.4942,50.8122,78.17,70,4,11.9,clear sky
411,Zambrow,PL,2022-03-27 20:54:50,52.9855,22.2432,39.96,53,94,11.5,overcast clouds
412,Kichera,RU,2022-03-27 20:53:09,55.9375,110.0997,6.91,93,100,2.62,overcast clouds
413,Kumluca,TR,2022-03-27 20:54:50,36.3703,30.2869,56.37,47,0,5.95,clear sky
414,Bonthe,SL,2022-03-27 20:53:21,7.5264,-12.505,79.77,80,88,6.42,overcast clouds
415,Vilyuysk,RU,2022-03-27 20:54:51,63.7553,121.6247,11.61,97,100,2.57,overcast clouds
416,Klaksvik,FO,2022-03-27 20:54:51,62.2266,-6.589,41.92,89,100,15.84,overcast clouds
417,Tomohon,ID,2022-03-27 20:54:52,1.3346,124.8392,67.14,90,79,1.77,broken clouds
418,Grand Forks,US,2022-03-27 20:54:52,47.9417,-97.4337,23.79,46,0,0.0,clear sky
419,Ramsar,IR,2022-03-27 20:54:53,36.9226,50.6426,47.64,93,40,0.0,scattered clouds
420,Victor Harbor,AU,2022-03-27 20:54:53,-35.5667,138.6167,60.01,80,8,3.85,clear sky
421,Arraias,BR,2022-03-27 20:54:53,-12.9288,-46.9437,80.04,60,55,1.61,broken clouds
422,Ler,SS,2022-03-27 20:54:54,8.3018,30.1418,85.95,16,53,3.49,broken clouds
423,Mustasaari,FI,2022-03-27 20:54:54,63.1142,21.6822,35.55,93,100,4.61,moderate rain
424,Verkhnevilyuysk,RU,2022-03-27 20:54:55,63.4453,120.3167,17.29,95,100,3.51,overcast clouds
425,Linfen,CN,2022-03-27 20:54:55,36.0889,111.5189,47.62,38,3,2.19,clear sky
426,Kourou,GF,2022-03-27 20:54:55,5.1552,-52.6478,81.1,83,89,10.92,overcast clouds
427,Ostersund,SE,2022-03-27 20:54:56,63.1792,14.6357,37.85,93,100,17.27,light rain
428,Rebricea,RO,2022-03-27 20:54:56,46.8667,27.55,39.7,43,13,5.26,few clouds
429,Ayr,GB,2022-03-27 20:54:57,55.4627,-4.6339,50.31,87,0,0.0,clear sky
430,Wangqing,CN,2022-03-27 20:54:57,43.3218,129.7634,30.43,67,1,1.61,clear sky
431,Skelleftea,SE,2022-03-27 20:50:54,64.7507,20.9528,28.99,69,100,6.91,overcast clouds
432,Walla Walla,US,2022-03-27 20:54:58,46.0646,-118.343,66.85,53,100,5.99,overcast clouds
433,Komsomolskiy,UZ,2022-03-27 20:54:58,40.4272,71.7189,47.12,61,5,6.91,clear sky
434,Honiara,SB,2022-03-27 20:54:58,-9.4333,159.95,79.72,84,99,2.44,overcast clouds
435,Bonavista,CA,2022-03-27 20:54:59,48.6499,-53.1147,32.65,96,100,16.96,snow
436,Birjand,IR,2022-03-27 20:54:59,32.8663,59.2211,41.47,16,0,6.91,clear sky
437,Killybegs,IE,2022-03-27 20:55:00,54.6333,-8.45,51.57,76,71,4.74,broken clouds
438,Cape Coast,GH,2022-03-27 20:54:16,5.1053,-1.2466,81.9,85,59,7.83,broken clouds
439,Antsohihy,MG,2022-03-27 20:55:01,-14.8796,47.9875,74.59,97,98,1.66,light rain
440,Guerrero Negro,MX,2022-03-27 20:55:01,27.9769,-114.0611,70.36,51,100,10.92,overcast clouds
441,Jalu,LY,2022-03-27 20:55:02,29.0331,21.5482,63.72,20,0,11.92,clear sky
442,Cap Malheureux,MU,2022-03-27 20:55:03,-19.9842,57.6142,77.47,84,0,1.01,clear sky
443,Sao Joao Da Barra,BR,2022-03-27 20:55:04,-21.6403,-41.0511,86.09,89,0,13.65,clear sky
444,Eenhana,NA,2022-03-27 20:55:04,-17.4667,16.3333,71.01,38,8,4.79,clear sky
445,Pevek,RU,2022-03-27 20:55:05,69.7008,170.3133,-15.29,99,52,6.98,broken clouds
446,Sao Miguel Do Araguaia,BR,2022-03-27 20:55:05,-13.275,-50.1628,80.65,78,52,2.1,broken clouds
447,Pestovo,RU,2022-03-27 20:55:06,58.5938,35.8024,17.33,88,72,8.28,broken clouds
448,Torrevieja,ES,2022-03-27 20:53:18,37.9787,-0.6822,59.11,74,72,7.0,broken clouds
449,Emet,TR,2022-03-27 20:55:07,39.343,29.2585,40.86,61,0,2.08,clear sky
450,Campbell River,CA,2022-03-27 20:51:14,50.0163,-125.2446,47.59,93,100,4.61,mist
451,Broken Hill,AU,2022-03-27 20:55:07,-31.95,141.4333,62.31,67,54,0.0,broken clouds
452,Gidam,IN,2022-03-27 20:55:08,18.9833,81.4,73.53,26,10,1.34,clear sky
453,Xichang,CN,2022-03-27 20:55:08,27.8964,102.2634,46.17,91,5,2.3,clear sky
454,Ishigaki,JP,2022-03-27 20:55:09,24.3448,124.1572,68.13,100,100,16.11,mist
455,Dudinka,RU,2022-03-27 20:55:09,69.4058,86.1778,4.6,97,96,6.02,overcast clouds
456,Saint-Paul,RE,2022-03-27 20:55:10,-21.0096,55.2707,78.89,87,78,1.21,light rain
457,Iralaya,HN,2022-03-27 20:55:10,15.0,-83.2333,82.36,61,18,11.16,few clouds
458,Yaan,NG,2022-03-27 20:55:11,7.3833,8.5667,87.66,11,11,3.6,few clouds
459,Harper,LR,2022-03-27 20:55:11,4.375,-7.7169,81.0,85,94,5.01,overcast clouds
460,Elsterwerda,DE,2022-03-27 20:55:11,51.45,13.5333,51.51,75,1,3.85,clear sky
461,Santa Isabel,BR,2022-03-27 20:55:12,-23.3156,-46.2214,79.56,96,100,2.95,overcast clouds
462,Wamba,NG,2022-03-27 20:55:12,8.9333,8.6,80.55,13,44,4.5,scattered clouds
463,Paso De Los Toros,UY,2022-03-27 20:55:13,-32.8167,-56.5167,72.14,64,0,5.57,clear sky
464,New Lenox,US,2022-03-27 20:55:13,41.512,-87.9656,37.08,48,0,10.36,clear sky
465,Sorong,ID,2022-03-27 20:55:14,-0.8833,131.25,79.92,82,100,1.43,overcast clouds
466,Koga,JP,2022-03-27 20:55:14,33.7333,130.4667,53.19,48,100,11.5,overcast clouds
467,Barentu,ER,2022-03-27 20:52:06,15.1139,37.5928,72.14,47,1,5.46,clear sky
468,Kupang,ID,2022-03-27 20:55:15,-10.1667,123.5833,77.38,87,93,1.79,overcast clouds
469,Banda Aceh,ID,2022-03-27 20:55:15,5.5577,95.3222,80.04,81,11,3.53,few clouds
470,Hangu,CN,2022-03-27 20:55:16,39.2489,117.7892,44.64,35,0,8.46,clear sky
471,Baker City,US,2022-03-27 20:55:16,44.7749,-117.8344,62.58,52,100,5.99,overcast clouds
472,Teahupoo,PF,2022-03-27 20:55:17,-17.8333,-149.2667,80.56,75,41,15.77,light rain
473,Bull Savanna,JM,2022-03-27 20:55:17,17.8868,-77.5902,77.07,68,73,3.0,moderate rain
474,Valdivia,CL,2022-03-27 20:55:18,-39.8142,-73.2459,62.69,53,0,5.46,clear sky
475,Brainerd,US,2022-03-27 20:53:04,46.358,-94.2008,25.25,38,10,6.96,clear sky
476,Okhotsk,RU,2022-03-27 20:55:18,59.3833,143.3,-3.06,81,1,15.01,clear sky
477,Plouzane,FR,2022-03-27 20:55:19,48.3833,-4.6167,57.52,47,0,4.61,clear sky
478,Kamenka,RU,2022-03-27 20:55:19,51.3223,42.7678,23.9,84,100,18.32,overcast clouds
479,Qaqortoq,GL,2022-03-27 20:55:20,60.7167,-46.0333,32.2,67,99,7.09,overcast clouds
480,Shingu,JP,2022-03-27 20:55:20,33.7333,135.9833,52.92,62,100,5.88,overcast clouds
481,Teya,RU,2022-03-27 20:55:20,60.3778,92.6267,-5.13,100,98,3.65,overcast clouds
482,Luganville,VU,2022-03-27 20:52:00,-15.5333,167.1667,80.87,87,99,4.43,overcast clouds
483,Kieta,PG,2022-03-27 20:55:21,-6.2167,155.6333,80.35,83,100,3.51,overcast clouds
484,Zanjan,IR,2022-03-27 20:55:21,36.6736,48.4787,34.86,63,49,8.48,scattered clouds
485,Pitimbu,BR,2022-03-27 20:52:52,-7.4706,-34.8086,81.19,83,100,9.6,light rain
486,Tucupita,VE,2022-03-27 20:55:22,9.0622,-62.051,84.22,62,99,8.21,overcast clouds
487,Aktash,RU,2022-03-27 20:55:23,50.3,87.7333,11.91,91,100,4.9,overcast clouds
488,Marsa Matruh,EG,2022-03-27 20:51:28,31.3525,27.2453,57.4,82,0,5.75,clear sky
489,Magog,CA,2022-03-27 20:52:35,45.2668,-72.1491,30.9,74,100,19.57,overcast clouds
490,Nikolayevskaya,RU,2022-03-27 20:55:23,47.6139,41.5023,31.86,67,100,16.26,overcast clouds
491,Kasane,BW,2022-03-27 20:55:24,-17.8167,25.15,69.84,77,57,3.65,broken clouds
492,Neiafu,TO,2022-03-27 20:55:24,-18.65,-173.9833,77.68,94,75,5.75,broken clouds
493,Kattivakkam,IN,2022-03-27 20:55:25,13.2167,80.3167,84.29,91,25,10.58,scattered clouds
494,Passagem Franca,BR,2022-03-27 20:55:25,-6.1797,-43.7836,76.21,92,95,3.04,light rain
495,Muscat,OM,2022-03-27 20:53:49,23.6139,58.5922,81.45,42,0,10.38,clear sky
496,Flinders,AU,2022-03-27 20:55:26,-34.5833,150.8552,66.18,94,94,4.0,overcast clouds
497,Yongchang,CN,2022-03-27 20:55:26,30.0381,119.7317,48.97,96,100,3.04,overcast clouds
498,Ratnagiri,IN,2022-03-27 20:55:27,16.9833,73.3,77.16,83,5,6.26,clear sky
499,Zhezkazgan,KZ,2022-03-27 20:55:27,47.8043,67.7144,19.62,96,34,3.94,scattered clouds
500,Kiruna,SE,2022-03-27 20:55:28,67.8557,20.2251,14.92,92,100,6.91,snow
501,Westport,US,2022-03-27 20:50:35,41.1415,-73.3579,45.34,49,100,14.0,overcast clouds
502,Saint Albans,GB,2022-03-27 20:55:28,51.75,-0.3333,48.38,88,0,4.61,clear sky
503,Halifax,CA,2022-03-27 20:50:31,44.6453,-63.5724,44.69,90,89,6.91,overcast clouds
504,Petropavlovsk-Kamchatskiy,RU,2022-03-27 20:55:01,53.0452,158.6483,28.99,100,100,8.95,shower snow
505,Soller,ES,2022-03-27 20:55:30,39.7662,2.7152,55.85,89,1,1.99,clear sky
506,Luwingu,ZM,2022-03-27 20:55:30,-10.2621,29.9271,63.39,96,87,3.58,overcast clouds
507,Palu,ID,2022-03-27 20:52:25,-0.8917,119.8707,74.82,90,99,2.51,overcast clouds
508,Naze,JP,2022-03-27 20:55:31,28.3667,129.4833,56.32,62,95,14.07,overcast clouds
509,Ocampo,MX,2022-03-27 20:55:31,21.65,-101.5,76.42,9,2,12.21,clear sky
510,Ati,TD,2022-03-27 20:55:32,13.2154,18.3353,76.05,9,23,11.86,few clouds
511,Chake Chake,TZ,2022-03-27 20:55:32,-5.2459,39.7666,80.4,79,14,6.8,few clouds
512,Nayoro,JP,2022-03-27 20:55:33,44.3506,142.4578,33.78,81,93,12.57,overcast clouds
513,Mitsamiouli,KM,2022-03-27 20:55:33,-11.3847,43.2844,82.49,75,100,6.4,overcast clouds
514,Vilhena,BR,2022-03-27 20:51:02,-12.7406,-60.1458,73.62,94,75,10.36,thunderstorm
515,Ankang,CN,2022-03-27 20:55:34,32.68,109.0172,50.65,65,0,3.09,clear sky
516,Murgab,TM,2022-03-27 20:55:35,37.4966,61.9714,49.87,62,0,6.91,clear sky
517,Mehamn,NO,2022-03-27 20:55:35,71.0357,27.8492,21.11,83,99,1.14,light snow
518,Pabrade,LT,2022-03-27 20:55:36,55.0,25.7833,35.19,64,100,7.2,overcast clouds
519,Yinchuan,CN,2022-03-27 20:55:36,38.4681,106.2731,44.08,32,30,0.98,scattered clouds
520,Sao Felix Do Xingu,BR,2022-03-27 20:53:22,-6.6447,-51.995,77.25,96,87,3.0,overcast clouds
521,Ulladulla,AU,2022-03-27 20:55:37,-35.35,150.4667,65.77,95,100,7.02,overcast clouds
522,Machiques,VE,2022-03-27 20:55:37,10.0644,-72.545,89.6,55,94,6.91,overcast clouds
523,Hue,VN,2022-03-27 20:55:37,16.4667,107.6,73.51,94,75,16.11,mist
524,Necochea,AR,2022-03-27 20:55:38,-38.5473,-58.7368,64.11,62,0,14.03,clear sky
525,Moshenskoye,RU,2022-03-27 20:55:39,58.5102,34.5911,19.56,83,94,7.27,overcast clouds
526,Pinawa,CA,2022-03-27 20:55:39,50.1489,-95.8811,18.75,49,13,6.33,few clouds
527,Huntsville,US,2022-03-27 20:52:50,34.7304,-86.5861,58.82,30,75,6.91,broken clouds
528,Semnan,IR,2022-03-27 20:55:40,35.5729,53.3971,48.04,20,0,2.3,clear sky
529,Moose Factory,CA,2022-03-27 20:55:40,51.2585,-80.6094,1.4,66,100,16.11,overcast clouds
530,Spokane,US,2022-03-27 20:52:01,47.6166,-117.3677,65.21,45,0,9.22,clear sky
531,Gisborne,NZ,2022-03-27 20:55:41,-38.6533,178.0042,61.2,93,100,21.12,overcast clouds
532,Qandala,SO,2022-03-27 20:55:41,11.472,49.8728,78.26,50,1,2.71,clear sky
533,Gwanda,ZW,2022-03-27 20:55:42,-20.9333,29.0,66.13,86,100,8.32,overcast clouds
534,Angoram,PG,2022-03-27 20:55:42,-4.0625,144.0661,73.71,99,100,1.97,very heavy rain
535,Santa Cruz,BO,2022-03-27 20:54:15,-17.8,-63.1667,84.25,48,20,8.05,few clouds
536,Lufilufi,WS,2022-03-27 20:55:43,-13.8745,-171.5986,83.98,74,97,15.23,light rain
537,Itarema,BR,2022-03-27 20:55:43,-2.9248,-39.9167,77.95,89,100,9.13,overcast clouds
538,Mahibadhoo,MV,2022-03-27 20:50:52,3.7833,72.9667,82.33,70,97,8.21,overcast clouds
539,Karratha,AU,2022-03-27 20:55:42,-20.7377,116.8463,81.9,66,100,7.54,light rain
540,Sayat,TM,2022-03-27 20:55:44,38.7839,63.8803,46.27,45,0,9.04,clear sky
541,Usilampatti,IN,2022-03-27 20:55:45,9.9667,77.8,81.55,74,2,3.06,clear sky
542,Vicosa Do Ceara,BR,2022-03-27 20:55:45,-3.5622,-41.0922,69.33,96,100,3.83,moderate rain
543,Tokur,RU,2022-03-27 20:55:46,53.1333,132.9,-5.87,99,96,2.17,overcast clouds
544,Shetpe,KZ,2022-03-27 20:55:46,44.1667,52.1167,40.6,94,83,8.03,broken clouds
545,Zemio,CF,2022-03-27 20:51:04,5.0314,25.1361,74.43,21,43,2.91,scattered clouds
546,Carutapera,BR,2022-03-27 20:55:25,-1.195,-46.02,78.08,88,100,6.29,moderate rain
547,Luanda,AO,2022-03-27 20:53:54,-8.8368,13.2343,78.94,84,92,12.03,light rain
548,Araouane,ML,2022-03-27 20:55:47,18.9048,-3.5265,85.59,16,56,10.89,broken clouds
549,Mirebalais,HT,2022-03-27 20:55:48,18.8333,-72.1053,81.95,60,95,6.11,overcast clouds
550,Maamba,ZM,2022-03-27 20:55:48,-17.3667,27.15,70.83,86,11,1.66,light rain
551,Constantine,DZ,2022-03-27 20:55:49,36.365,6.6147,51.21,87,40,3.44,scattered clouds
552,Santa Lucia,ES,2022-03-27 20:52:27,27.9117,-15.5407,58.32,59,20,10.36,few clouds
553,Haines Junction,CA,2022-03-27 20:55:49,60.7522,-137.5108,30.15,51,91,3.44,overcast clouds
554,Sao Sebastiao,BR,2022-03-27 20:55:50,-23.76,-45.4097,75.67,95,100,5.95,light rain
555,Talavera De La Reina,ES,2022-03-27 20:55:50,39.9635,-4.8308,53.49,67,86,12.21,overcast clouds
556,Baracoa,CU,2022-03-27 20:55:51,20.3467,-74.4958,76.82,68,93,12.17,overcast clouds
557,Mahajanga,MG,2022-03-27 20:55:51,-15.7167,46.3167,78.82,94,20,2.3,few clouds
558,Alice Springs,AU,2022-03-27 20:54:21,-23.7,133.8833,53.15,50,1,5.75,clear sky
559,Nouakchott,MR,2022-03-27 20:55:52,18.0858,-15.9785,66.13,80,78,13.51,broken clouds
560,Urucara,BR,2022-03-27 20:55:52,-2.5364,-57.76,80.17,94,99,0.36,overcast clouds
561,Kabo,CF,2022-03-27 20:55:53,7.6994,18.629,78.69,14,100,4.5,overcast clouds
562,Andujar,ES,2022-03-27 20:55:53,38.0392,-4.0508,59.81,66,67,6.76,broken clouds
563,Kyren,RU,2022-03-27 20:55:53,51.6828,102.1408,15.37,97,100,1.32,light snow
564,Marienburg,PL,2022-03-27 20:55:54,54.0359,19.0266,48.11,68,62,8.95,broken clouds
565,Saint Anthony,US,2022-03-27 20:51:14,45.0205,-93.218,32.31,29,0,9.22,clear sky
566,Severo-Yeniseyskiy,RU,2022-03-27 20:55:55,60.3725,93.0408,-4.16,100,97,4.09,overcast clouds
567,Wodonga,AU,2022-03-27 20:50:59,-36.1167,146.8833,60.69,97,50,4.61,scattered clouds
568,Altayskoye,RU,2022-03-27 20:55:55,51.9533,85.3325,30.79,95,100,3.87,overcast clouds
569,Businga,CD,2022-03-27 20:55:56,3.3333,20.8833,77.95,29,86,1.66,overcast clouds
570,Boa Vista,BR,2022-03-27 20:55:10,2.8197,-60.6733,89.58,48,40,13.8,scattered clouds
571,Skjervoy,NO,2022-03-27 20:54:04,70.0311,20.9714,21.2,71,96,26.44,overcast clouds
572,Santa Vitoria Do Palmar,BR,2022-03-27 20:55:56,-33.5189,-53.3681,73.02,54,0,2.68,clear sky
573,Biak,ID,2022-03-27 20:55:57,-0.9131,122.8766,76.3,82,100,2.28,heavy intensity rain
574,Paka,MY,2022-03-27 20:55:57,4.6374,103.4368,75.13,100,14,0.0,few clouds
575,San Jose,US,2022-03-27 20:53:19,37.3394,-121.895,70.57,57,75,8.99,broken clouds
576,Saint-Francois,FR,2022-03-27 20:55:58,46.4154,3.9054,51.67,79,0,2.3,clear sky
577,Saint-Georges,GD,2022-03-27 20:55:58,12.0564,-61.7485,79.05,76,68,15.59,broken clouds
578,Kaihua,CN,2022-03-27 20:55:59,23.3687,104.28,52.14,88,59,4.94,broken clouds
579,Winnemucca,US,2022-03-27 20:53:22,40.973,-117.7357,66.25,26,0,4.61,clear sky
580,Saint-Joseph,RE,2022-03-27 20:51:27,-21.3667,55.6167,75.58,85,94,9.08,overcast clouds
581,Alpinopolis,BR,2022-03-27 20:56:00,-20.8636,-46.3881,73.78,75,59,2.33,broken clouds
582,Antofagasta,CL,2022-03-27 20:54:57,-23.65,-70.4,70.21,63,19,10.65,few clouds
583,Fare,PF,2022-03-27 20:54:55,-16.7,-151.0167,82.18,72,11,13.29,light rain
584,Lata,PT,2022-03-27 20:56:00,40.1629,-8.3327,60.08,64,100,8.08,overcast clouds
585,Diego De Almagro,CL,2022-03-27 20:56:01,-26.3667,-70.05,80.31,21,0,11.48,clear sky
586,Vestmanna,FO,2022-03-27 20:56:01,62.1564,-7.1664,40.12,93,100,16.11,overcast clouds
587,Isiro,CD,2022-03-27 20:56:02,2.7739,27.616,71.56,69,100,3.78,overcast clouds
588,Arman,RU,2022-03-27 20:56:02,59.7,150.1667,5.18,80,100,10.98,overcast clouds
589,Kavarna,BG,2022-03-27 20:56:03,43.4333,28.3333,40.28,56,24,2.73,few clouds
590,Palora,EC,2022-03-27 20:56:03,-1.7,-77.9333,69.91,98,100,1.39,moderate rain
591,Blagoyevo,RU,2022-03-27 20:56:04,63.3667,47.9167,11.82,93,100,12.53,light snow
592,Kirakira,SB,2022-03-27 20:56:04,-10.4544,161.9205,80.89,82,100,1.81,overcast clouds
593,Vaitape,PF,2022-03-27 20:52:09,-16.5167,-151.75,82.18,73,21,14.97,light rain
594,Manicore,BR,2022-03-27 20:56:05,-5.8092,-61.3003,80.71,94,75,2.15,light rain
595,Gat,IL,2022-03-27 20:54:20,31.61,34.7642,54.81,100,1,4.05,clear sky
596,Bestobe,KZ,2022-03-27 20:56:05,52.4994,73.0975,15.6,98,99,5.48,overcast clouds
597,Tagusao,PH,2022-03-27 20:56:06,9.1924,117.8141,78.85,83,93,3.24,overcast clouds
598,Kalashnikovo,RU,2022-03-27 20:56:06,57.2824,35.2262,18.39,82,47,9.19,scattered clouds
599,Port Blair,IN,2022-03-27 20:56:07,11.6667,92.75,80.64,94,20,2.3,mist
600,Manono,CD,2022-03-27 20:56:07,-7.3,27.4167,71.69,93,100,3.4,overcast clouds
601,Berck,FR,2022-03-27 20:56:07,50.4,1.6,50.27,93,75,4.61,mist
602,Tanete,ID,2022-03-27 20:56:08,-3.9443,119.7848,75.76,93,98,2.95,overcast clouds
603,Vila,PT,2022-03-27 20:56:08,42.0304,-8.1588,50.88,66,91,3.4,overcast clouds
604,North Bend,US,2022-03-27 20:56:09,43.4065,-124.2243,59.92,100,100,6.06,overcast clouds
605,Yulara,AU,2022-03-27 20:56:09,-25.2406,130.9889,66.04,24,99,9.22,overcast clouds
606,Tulle,FR,2022-03-27 20:56:10,45.3333,1.8333,51.98,66,48,3.09,scattered clouds
607,Pangnirtung,CA,2022-03-27 20:56:10,66.1451,-65.7125,14.0,92,20,4.61,fog
608,Campina Verde,BR,2022-03-27 20:56:11,-19.5356,-49.4864,76.93,72,90,5.48,overcast clouds
609,Athens,GR,2022-03-27 20:56:11,37.9795,23.7162,59.18,70,0,2.3,clear sky
610,Bam,IR,2022-03-27 20:54:18,29.106,58.357,65.66,12,0,2.3,clear sky
611,Ahipara,NZ,2022-03-27 20:56:12,-35.1667,173.1667,66.43,64,0,3.33,clear sky
612,Vanimo,PG,2022-03-27 20:56:12,-2.6741,141.3028,77.11,83,87,5.3,overcast clouds
613,Hirara,JP,2022-03-27 20:56:13,24.8,125.2833,68.86,84,100,21.07,overcast clouds
614,Alappuzha,IN,2022-03-27 20:56:13,9.49,76.3264,80.96,81,58,1.12,broken clouds
615,Castletown,IE,2022-03-27 20:56:14,53.0281,-9.0686,52.29,86,2,4.25,clear sky
616,Salinas,US,2022-03-27 20:51:18,36.6777,-121.6555,70.02,63,0,16.11,clear sky
617,Tortoli,IT,2022-03-27 20:56:14,39.9256,9.6572,52.59,80,96,8.41,overcast clouds
618,Yangjiang,CN,2022-03-27 20:56:15,21.85,111.9667,64.76,82,99,7.81,light rain
619,Visby,SE,2022-03-27 20:56:15,57.6409,18.296,43.02,70,6,12.66,clear sky
620,Shubarkuduk,KZ,2022-03-27 20:56:16,49.1447,56.4872,35.37,87,100,18.84,overcast clouds
621,Sayyan,YE,2022-03-27 20:56:16,15.1718,44.3244,54.05,23,6,7.54,clear sky
622,Kavaratti,IN,2022-03-27 20:56:16,10.5669,72.642,82.49,73,3,6.89,clear sky
623,Lubango,AO,2022-03-27 20:56:17,-14.9172,13.4925,62.1,57,100,3.15,overcast clouds
624,Spas-Demensk,RU,2022-03-27 20:56:17,54.4122,34.0226,20.79,72,76,8.63,broken clouds
625,Sao Joaquim,BR,2022-03-27 20:56:18,-28.2939,-49.9317,59.45,79,0,1.05,clear sky
626,Fukuma,JP,2022-03-27 20:56:18,33.7667,130.4667,52.29,62,100,16.89,overcast clouds
627,Polovinnoye,RU,2022-03-27 20:56:19,54.7914,65.9864,13.82,94,60,10.51,broken clouds
628,Goderich,CA,2022-03-27 20:56:19,43.7501,-81.7165,22.91,58,100,26.46,overcast clouds
629,Kuvandyk,RU,2022-03-27 20:56:19,51.4781,57.3552,34.3,86,99,15.7,overcast clouds
630,Ailigandi,PA,2022-03-27 20:56:20,9.2333,-78.0167,79.95,84,56,10.8,broken clouds
631,Levashovo,RU,2022-03-27 20:56:20,60.1022,30.2131,26.76,41,100,8.93,overcast clouds
632,College,US,2022-03-27 20:55:43,64.8569,-147.8028,35.98,73,0,3.44,clear sky
633,Gamba,GA,2022-03-27 20:56:21,-2.65,10.0,78.67,92,62,3.0,moderate rain
634,Tautira,PF,2022-03-27 20:56:21,-17.7333,-149.15,81.41,75,60,15.46,light rain
635,Cam Ranh,VN,2022-03-27 20:56:22,11.9214,109.1591,76.96,88,0,3.44,clear sky
636,Auki,SB,2022-03-27 20:56:22,-8.7676,160.7034,78.94,86,100,1.79,light rain
637,Bolanos De Calatrava,ES,2022-03-27 20:56:23,38.9069,-3.6635,50.79,86,74,13.56,broken clouds
638,Festus,US,2022-03-27 20:56:23,38.2206,-90.396,51.51,34,99,5.77,overcast clouds
639,Shitanjing,CN,2022-03-27 20:56:24,39.2342,106.3439,38.07,34,25,7.45,scattered clouds
640,Kutum,SD,2022-03-27 20:56:24,14.2,24.6667,64.89,10,0,16.71,clear sky
641,Darlowo,PL,2022-03-27 20:56:24,54.421,16.4107,43.77,84,12,16.24,few clouds
642,Changji,CN,2022-03-27 20:56:25,44.0167,87.3167,41.79,75,0,6.71,clear sky
643,Sabzevar,IR,2022-03-27 20:56:25,36.2126,57.6819,47.48,29,0,9.22,clear sky
644,Ibra,OM,2022-03-27 20:53:00,22.6906,58.5334,77.34,29,1,4.94,clear sky
645,Manacapuru,BR,2022-03-27 20:56:26,-3.2997,-60.6206,82.92,79,77,3.58,light rain
646,Irbid,JO,2022-03-27 20:56:26,32.5,35.8333,43.93,92,1,2.82,clear sky
647,Coos Bay,US,2022-03-27 20:56:27,43.3665,-124.2179,59.99,100,100,6.17,overcast clouds
648,Moerai,PF,2022-03-27 20:56:27,-22.4333,-151.3333,80.29,74,56,7.72,broken clouds
649,Saurimo,AO,2022-03-27 20:54:19,-9.6608,20.3916,65.64,97,76,2.37,moderate rain
650,Villarrica,PY,2022-03-27 20:56:28,-25.75,-56.4333,76.23,71,0,3.6,clear sky
651,Huambo,AO,2022-03-27 20:56:28,-12.7761,15.7392,61.48,93,100,2.64,light rain
652,Aitape,PG,2022-03-27 20:56:29,-3.1374,142.3475,77.88,85,92,4.5,overcast clouds
653,Frolishchi,RU,2022-03-27 20:56:29,56.4211,42.6533,20.97,79,100,14.09,overcast clouds
654,Blythe,US,2022-03-27 20:56:30,33.6103,-114.5964,93.04,10,26,14.23,scattered clouds
655,Millinocket,US,2022-03-27 20:56:30,45.6573,-68.7098,40.98,80,82,8.08,broken clouds
656,Abu Samrah,SY,2022-03-27 20:56:30,35.3029,37.1841,44.49,70,0,5.48,clear sky
657,Roald,NO,2022-03-27 20:56:31,62.5833,6.1333,49.33,87,75,34.52,broken clouds
658,Katsuura,JP,2022-03-27 20:56:31,35.1333,140.3,54.9,81,71,11.27,broken clouds
659,Tessalit,ML,2022-03-27 20:56:32,20.1986,1.0114,84.13,12,14,7.52,few clouds
660,Coihueco,CL,2022-03-27 20:56:32,-36.6167,-71.8333,74.14,38,0,8.05,clear sky
661,Oranjemund,NA,2022-03-27 20:55:15,-28.55,16.4333,63.86,67,0,2.73,clear sky
662,Shwebo,MM,2022-03-27 20:56:33,22.5667,95.7,81.97,41,100,4.34,overcast clouds
663,Palauig,PH,2022-03-27 20:53:13,15.435,119.9045,79.45,73,6,4.12,clear sky
664,Rawson,AR,2022-03-27 20:56:34,-43.3002,-65.1023,71.35,21,0,14.41,clear sky
665,Cacoal,BR,2022-03-27 20:54:09,-11.4386,-61.4472,79.52,91,98,3.29,overcast clouds
666,Xingyi,CN,2022-03-27 20:56:35,24.1877,102.817,46.0,91,18,0.81,few clouds
667,Joao Pinheiro,BR,2022-03-27 20:56:35,-17.7425,-46.1725,76.14,64,51,6.42,broken clouds
668,Luza,RU,2022-03-27 20:56:36,60.6308,47.2512,15.3,90,100,12.91,overcast clouds
669,Aasiaat,GL,2022-03-27 20:53:20,68.7098,-52.8699,20.41,76,39,13.11,scattered clouds
670,Darhan,MN,2022-03-27 20:56:36,49.4867,105.9228,26.73,79,100,13.11,overcast clouds
671,Goundam,ML,2022-03-27 20:53:35,16.4145,-3.6708,89.4,11,86,8.81,overcast clouds
672,Aksu,CN,2022-03-27 20:56:37,41.1231,80.2644,51.35,44,86,4.56,overcast clouds
673,Jiblah,YE,2022-03-27 20:56:37,13.9216,44.1467,60.46,35,19,2.75,few clouds
674,Pacasmayo,PE,2022-03-27 20:56:38,-7.4006,-79.5714,73.72,70,100,12.55,overcast clouds
675,Martil,MA,2022-03-27 20:56:38,35.6166,-5.2752,60.76,77,75,18.41,broken clouds
676,Weifang,CN,2022-03-27 20:56:39,36.71,119.1019,40.64,54,39,8.41,scattered clouds
677,Beisfjord,NO,2022-03-27 20:56:39,68.3751,17.5988,24.85,93,100,7.27,light snow
678,Samarkand,UZ,2022-03-27 20:56:39,39.6542,66.9597,42.22,87,0,4.61,clear sky
679,Miri,MY,2022-03-27 20:56:40,4.4148,114.0089,71.74,94,40,3.44,scattered clouds
680,Wuwei,CN,2022-03-27 20:56:40,37.9281,102.6414,45.25,24,15,2.48,few clouds
681,Kyaikto,MM,2022-03-27 20:56:41,17.3,97.0167,79.27,85,6,4.81,clear sky
682,Narrabri,AU,2022-03-27 20:56:41,-30.3167,149.7833,64.53,94,40,5.75,scattered clouds
683,Leh,IN,2022-03-27 20:56:42,34.1667,77.5833,20.26,64,1,2.57,clear sky
684,Guangzhou,CN,2022-03-27 20:56:42,23.1167,113.25,60.75,67,92,9.98,light rain
685,Japura,ID,2022-03-27 20:56:42,-0.3167,102.35,73.74,98,33,1.34,scattered clouds
686,Tatawin,TN,2022-03-27 20:53:08,32.9297,10.4518,63.32,55,85,2.93,overcast clouds
687,Thinadhoo,MV,2022-03-27 20:56:43,0.5333,72.9333,81.79,64,2,6.38,clear sky
688,Porto Tolle,IT,2022-03-27 20:56:43,44.9497,12.3245,47.03,65,0,4.85,clear sky
689,Banamba,ML,2022-03-27 20:56:44,13.55,-7.45,89.04,33,82,5.61,broken clouds
690,Vardo,NO,2022-03-27 20:56:44,70.3705,31.1107,26.1,58,100,4.65,light snow
691,Axim,GH,2022-03-27 20:56:45,4.8699,-2.2405,80.91,85,70,5.39,broken clouds
692,Svetlaya,RU,2022-03-27 20:56:45,46.5389,138.3297,27.81,72,100,7.23,overcast clouds
693,Annau,TM,2022-03-27 20:56:45,37.8876,58.516,49.5,76,0,9.22,clear sky
694,La Libertad,EC,2022-03-27 20:54:31,-2.2333,-80.9,83.86,79,75,9.22,broken clouds
695,Kalmunai,LK,2022-03-27 20:56:46,7.4167,81.8167,78.76,83,26,3.85,scattered clouds
696,West Bay,KY,2022-03-27 20:56:47,19.3667,-81.4167,82.47,69,40,14.97,scattered clouds
697,Caraz,PE,2022-03-27 20:56:47,-9.0486,-77.81,64.18,93,100,5.5,light rain
698,Nishihara,JP,2022-03-27 20:56:47,26.1842,127.7558,65.48,63,75,12.66,broken clouds
699,Avera,US,2022-03-27 20:52:48,33.194,-82.5271,69.31,33,2,17.16,clear sky
700,Santa Helena De Goias,BR,2022-03-27 20:52:13,-17.8136,-50.5969,74.68,85,100,9.69,overcast clouds
701,Pozzallo,IT,2022-03-27 20:54:27,36.7305,14.8499,61.45,89,22,11.95,few clouds
702,Praia,CV,2022-03-27 20:56:48,14.9215,-23.5087,70.34,68,75,12.66,broken clouds
703,Sioux Lookout,CA,2022-03-27 20:56:49,50.1001,-91.917,12.27,37,0,11.5,clear sky
704,Yar-Sale,RU,2022-03-27 20:56:49,66.8333,70.8333,13.39,94,100,14.72,overcast clouds
705,Badiraguato,MX,2022-03-27 20:56:50,25.3667,-107.5167,94.66,11,23,8.79,few clouds
